threads,value,wall_time_s
1.000000000000000000e+00,-7.966001062075007688e-01,6.999969482421875000e-03
2.000000000000000000e+00,-7.966001062075007688e-01,2.000093460083007812e-03
4.000000000000000000e+00,-7.965996455119015440e-01,1.599979400634765972e-02
