threads,value,wall_time_s
1.000000000000000000e+00,5.581227310129741742e-02,1.110000610351561945e-01
2.000000000000000000e+00,5.581227310129779212e-02,1.259999275207520086e-01
4.000000000000000000e+00,5.581229242660268319e-02,1.570000648498534879e-01
